id;country;url;name;expected_no_of_users;created_by;created_at;updated_by;updated_at
1;Dominica;https://myah.biz;IB Avon;56033;68506;2023-05-08T13:27:33;16908;2023-05-08T20:08:56
2;Liberia;https://katlyn.biz;parsing system;64451;54630;2023-05-09T00:09:42;80383;2023-05-08T19:09:09
3;Costa Rica;https://ruthe.name;transmitting Parks;81933;32929;2023-05-08T09:26:46;69814;2023-05-08T23:50:17
4;Iran;http://saige.name;override;62367;80725;2023-05-08T09:45:27;69952;2023-05-08T20:07:36
5;Pakistan;https://brendan.com;help-desk Account functionalities;28362;49097;2023-05-09T05:26:43;18571;2023-05-09T02:47:44
6;Guatemala;http://kitty.name;Administrator Applications;79133;85321;2023-05-09T00:15:50;3886;2023-05-08T20:02:45
7;Iceland;http://remington.net;Avon;83446;85564;2023-05-09T03:46:59;1948;2023-05-08T22:36:28
8;Republic of Korea;https://ayla.org;framework;76352;84136;2023-05-08T20:07:16;54394;2023-05-08T10:26:52
9;Cameroon;http://baby.biz;deposit;5878;42954;2023-05-09T01:42:16;69872;2023-05-09T00:28:42
10;Chile;https://garth.net;deploy Jewelery Shoes;16641;14772;2023-05-09T05:53:11;60237;2023-05-08T22:27:18
