id;project_name;description;isactive;created_by;created_at;updated_by;updated_at
1;Forward driver Checking;../fake-data/blob/hipster.txt;false;15990;2023-05-09T07:48:04;93635;2023-05-08T18:18:09
2;archive;../fake-data/blob/hipster.txt;false;75883;2023-05-09T00:48:56;68589;2023-05-08T11:17:29
3;RAM;../fake-data/blob/hipster.txt;false;80709;2023-05-09T04:42:46;37365;2023-05-09T08:26:21
4;Berkshire;../fake-data/blob/hipster.txt;true;470;2023-05-09T08:51:37;5897;2023-05-08T11:05:06
5;New indigo next;../fake-data/blob/hipster.txt;true;23630;2023-05-09T03:36:35;52053;2023-05-09T03:39:11
6;Agent;../fake-data/blob/hipster.txt;true;94109;2023-05-09T04:09:41;98479;2023-05-08T12:32:52
7;Future;../fake-data/blob/hipster.txt;false;37241;2023-05-09T02:29:55;43695;2023-05-08T21:58:46
8;index models grey;../fake-data/blob/hipster.txt;true;47321;2023-05-08T12:03:58;45010;2023-05-08T15:00:31
9;Cross-platform International;../fake-data/blob/hipster.txt;true;29221;2023-05-09T05:45:28;50792;2023-05-09T04:54:53
10;compress Account;../fake-data/blob/hipster.txt;true;14343;2023-05-09T04:56:59;71725;2023-05-08T10:49:42
